{"cameraMode":{"drawMode":0,"name":"Shaded","section":"Shading Mode"},"sceneLighting":false,"audioPlay":false,"sceneViewState":{"m_AlwaysRefresh":false,"showFog":true,"showSkybox":false,"showFlares":true,"showImageEffects":true,"showParticleSystems":true,"showVisualEffectGraphs":true,"m_FxEnabled":true},"in2DMode":false,"pivot":{"x":-2.384185791015625e-7,"y":0.10000000894069672,"z":2.384185791015625e-7},"rotation":{"x":-0.21210217475891114,"y":-0.06414607912302017,"z":-0.013943620957434178,"w":0.97505784034729},"size":2.8301949501037599,"orthographic":false}