{"cameraMode":{"drawMode":0,"name":"Shaded","section":"Shading Mode"},"sceneLighting":false,"audioPlay":false,"sceneViewState":{"m_AlwaysRefresh":false,"showFog":true,"showSkybox":false,"showFlares":true,"showImageEffects":true,"showParticleSystems":true,"showVisualEffectGraphs":true,"m_FxEnabled":true},"in2DMode":false,"pivot":{"x":12.199999809265137,"y":0.9070000052452087,"z":-0.8819853067398071},"rotation":{"x":0.13173003494739533,"y":-0.695136547088623,"z":0.13188666105270387,"w":0.6942998766899109},"size":0.6000174283981323,"orthographic":false}