{"cameraMode":{"drawMode":0,"name":"Shaded","section":"Shading Mode"},"sceneLighting":false,"audioPlay":false,"sceneViewState":{"m_AlwaysRefresh":false,"showFog":true,"showSkybox":false,"showFlares":true,"showImageEffects":true,"showParticleSystems":true,"showVisualEffectGraphs":true,"m_FxEnabled":true},"in2DMode":false,"pivot":{"x":12.199999809265137,"y":0.9104269742965698,"z":-0.9996538162231445},"rotation":{"x":0.3180506229400635,"y":-0.2341492474079132,"z":0.08138086646795273,"w":0.9150934815406799},"size":0.37813547253608706,"orthographic":false}