{"cameraMode":{"drawMode":0,"name":"Shaded","section":"Shading Mode"},"sceneLighting":false,"audioPlay":false,"sceneViewState":{"m_AlwaysRefresh":false,"showFog":true,"showSkybox":false,"showFlares":true,"showImageEffects":true,"showParticleSystems":true,"showVisualEffectGraphs":true,"m_FxEnabled":true},"in2DMode":false,"pivot":{"x":12.265161514282227,"y":0.9233709573745728,"z":-0.9840633869171143},"rotation":{"x":0.1450483500957489,"y":-0.13754840195178986,"z":0.02036651410162449,"w":0.9796056747436523},"size":1.2529850006103516,"orthographic":false}