{"cameraMode":{"drawMode":0,"name":"Shaded","section":"Shading Mode"},"sceneLighting":true,"audioPlay":false,"sceneViewState":{"m_AlwaysRefresh":false,"showFog":true,"showSkybox":false,"showFlares":true,"showImageEffects":true,"showParticleSystems":true,"showVisualEffectGraphs":true,"m_FxEnabled":true},"in2DMode":false,"pivot":{"x":16.786823272705079,"y":1.531588077545166,"z":63.08599853515625},"rotation":{"x":-0.03544441610574722,"y":-0.45851364731788638,"z":0.018297193571925165,"w":-0.8878052234649658},"size":3.7172319889068605,"orthographic":false}